cluster,mse_LR,mse_Lasso,mse_Ridge,mse_En
0,57.69918846310984,116.76053311974013,57.43691924860558,108.08956533716672
1,662.543982380998,48.95039241609718,661.7314560166474,35.43349070067697
2,172.56899667750105,207.4149399448781,171.60732634660746,79.90547853117117
3,465.0761881443038,154.4824762573799,464.75913566454096,267.97167807778425
