cluster,mse_LR,mse_Lasso,mse_Ridge,mse_En
0,45.24452463575875,108.66557188978403,45.17126772933619,117.21240650030046
1,478.03356411593876,147.03969732425426,480.38500182400054,248.95481949463505
2,171.92535498445437,207.4149399448787,171.60732634660746,79.90547853117117
3,597.0147646497496,63.83404958259702,598.6476666454558,37.83694639150257
