,Model,MSE
0,LR,10669.119026453054
1,Lasso,3374.7412588643074
2,Ridge,10650.111743928692
3,En,702.5795532298723
4,Average,1110.0303266580029
5,Dynamic,131.5768633836702
