,Model,MSE
0,LR,2016.2599611987864
1,Lasso,570.3186947477147
2,Ridge,2013.4782865173265
3,En,620.2149653163061
4,Average,608.7395408109785
