,Model,MSE
0,LR,10623.720419082987
1,Lasso,3374.741258864325
2,Ridge,10650.1117439287
3,En,702.5795532298723
4,Average,1106.42370361748
5,Dynamic,139.68348878739496
