,Model,MSE
0,LR,2007.2826170583635
1,Lasso,570.318694747716
2,Ridge,2013.4782865173277
3,En,620.2149653163057
4,Average,607.8206209514591
