Regime,LR,Lasso,Ridge,En
0,0.32975634028113915,0.1629546621312067,0.33126207801002044,0.1760269195776337
1,0.029210317952620763,0.3953619047307231,0.029246184697705607,0.5461815926189506
2,0.2001093831332449,0.16649078162949596,0.20123077614594168,0.4321690590913176
3,0.14821912127356168,0.44622008658870976,0.14832023437999015,0.25724055775773846
